gene	transcript_id	chromosome	strand	exon_number	exon_start	exon_end	exon_id
AR	ENST00000374690.9	chrX	+	1	67544021	67546762	ENSE00003901971.2
AR	ENST00000374690.9	chrX	+	2	67643256	67643407	ENSE00003606052.1
AR	ENST00000374690.9	chrX	+	3	67686010	67686126	ENSE00003625235.1
AR	ENST00000374690.9	chrX	+	4	67711402	67711689	ENSE00001165476.1
AR	ENST00000374690.9	chrX	+	5	67717478	67717622	ENSE00001282597.1
AR	ENST00000374690.9	chrX	+	6	67721833	67721963	ENSE00001165458.1
AR	ENST00000374690.9	chrX	+	7	67722827	67722984	ENSE00001316881.1
AR	ENST00000374690.9	chrX	+	8	67723686	67730619	ENSE00001930911.1
BRAF	ENST00000646891.2	chr7	-	1	140924566	140924929	ENSE00001862791.3
BRAF	ENST00000646891.2	chr7	-	2	140850111	140850212	ENSE00003603715.1
BRAF	ENST00000646891.2	chr7	-	3	140834609	140834872	ENSE00001035295.1
BRAF	ENST00000646891.2	chr7	-	4	140808892	140808995	ENSE00001034889.1
BRAF	ENST00000646891.2	chr7	-	5	140807960	140808062	ENSE00003603742.1
BRAF	ENST00000646891.2	chr7	-	6	140801412	140801560	ENSE00003687908.1
BRAF	ENST00000646891.2	chr7	-	7	140800362	140800481	ENSE00003487759.1
BRAF	ENST00000646891.2	chr7	-	8	140794308	140794467	ENSE00003569635.1
BRAF	ENST00000646891.2	chr7	-	9	140787548	140787584	ENSE00003680515.1
BRAF	ENST00000646891.2	chr7	-	10	140783021	140783157	ENSE00003685923.1
BRAF	ENST00000646891.2	chr7	-	11	140781576	140781693	ENSE00003559218.1
BRAF	ENST00000646891.2	chr7	-	12	140777991	140778075	ENSE00003521664.1
BRAF	ENST00000646891.2	chr7	-	13	140776912	140777088	ENSE00003527888.1
BRAF	ENST00000646891.2	chr7	-	14	140754187	140754233	ENSE00003649805.1
BRAF	ENST00000646891.2	chr7	-	15	140753275	140753393	ENSE00003485507.1
BRAF	ENST00000646891.2	chr7	-	16	140749287	140749418	ENSE00003587655.1
BRAF	ENST00000646891.2	chr7	-	17	140739812	140739946	ENSE00003551608.1
BRAF	ENST00000646891.2	chr7	-	18	140730665	140734770	ENSE00003830897.1
EGFR	ENST00000275493.7	chr7	+	1	55019017	55019365	ENSE00001841347.2
EGFR	ENST00000275493.7	chr7	+	2	55142286	55142437	ENSE00003541288.1
EGFR	ENST00000275493.7	chr7	+	3	55143305	55143488	ENSE00001704157.1
EGFR	ENST00000275493.7	chr7	+	4	55146606	55146740	ENSE00001798125.1
EGFR	ENST00000275493.7	chr7	+	5	55151294	55151362	ENSE00001683983.1
EGFR	ENST00000275493.7	chr7	+	6	55152546	55152664	ENSE00001652975.1
EGFR	ENST00000275493.7	chr7	+	7	55154011	55154152	ENSE00001623732.1
EGFR	ENST00000275493.7	chr7	+	8	55155830	55155946	ENSE00001751179.1
EGFR	ENST00000275493.7	chr7	+	9	55156533	55156659	ENSE00001084929.1
EGFR	ENST00000275493.7	chr7	+	10	55156759	55156832	ENSE00001084931.1
EGFR	ENST00000275493.7	chr7	+	11	55157663	55157753	ENSE00001084926.1
EGFR	ENST00000275493.7	chr7	+	12	55160139	55160338	ENSE00001084941.1
EGFR	ENST00000275493.7	chr7	+	13	55161499	55161631	ENSE00001084939.1
EGFR	ENST00000275493.7	chr7	+	14	55163733	55163823	ENSE00001084927.1
EGFR	ENST00000275493.7	chr7	+	15	55165280	55165437	ENSE00001627115.1
EGFR	ENST00000275493.7	chr7	+	16	55171175	55171213	ENSE00001768076.1
EGFR	ENST00000275493.7	chr7	+	17	55172983	55173124	ENSE00002684637.1
EGFR	ENST00000275493.7	chr7	+	18	55173921	55174043	ENSE00001778519.1
EGFR	ENST00000275493.7	chr7	+	19	55174722	55174820	ENSE00001756460.1
EGFR	ENST00000275493.7	chr7	+	20	55181293	55181478	ENSE00001601336.1
EGFR	ENST00000275493.7	chr7	+	21	55191719	55191874	ENSE00001681524.1
EGFR	ENST00000275493.7	chr7	+	22	55192766	55192841	ENSE00001631695.1
EGFR	ENST00000275493.7	chr7	+	23	55198717	55198863	ENSE00003625684.1
EGFR	ENST00000275493.7	chr7	+	24	55200316	55200413	ENSE00001790701.1
EGFR	ENST00000275493.7	chr7	+	25	55201188	55201355	ENSE00001801208.1
EGFR	ENST00000275493.7	chr7	+	26	55201735	55201782	ENSE00001773562.1
EGFR	ENST00000275493.7	chr7	+	27	55202517	55202625	ENSE00001795780.1
EGFR	ENST00000275493.7	chr7	+	28	55205256	55211628	ENSE00001245887.4
EGFR	ENST00000344576.7	chr7	+	1	55019017	55019365	ENSE00001841347.2
EGFR	ENST00000344576.7	chr7	+	2	55142286	55142437	ENSE00003541288.1
EGFR	ENST00000344576.7	chr7	+	3	55143305	55143488	ENSE00001704157.1
EGFR	ENST00000344576.7	chr7	+	4	55146606	55146740	ENSE00001798125.1
EGFR	ENST00000344576.7	chr7	+	5	55151294	55151362	ENSE00001683983.1
EGFR	ENST00000344576.7	chr7	+	6	55152546	55152664	ENSE00001652975.1
EGFR	ENST00000344576.7	chr7	+	7	55154011	55154152	ENSE00001623732.1
EGFR	ENST00000344576.7	chr7	+	8	55155830	55155946	ENSE00001751179.1
EGFR	ENST00000344576.7	chr7	+	9	55156533	55156659	ENSE00001084929.1
EGFR	ENST00000344576.7	chr7	+	10	55156759	55156832	ENSE00001084931.1
EGFR	ENST00000344576.7	chr7	+	11	55157663	55157753	ENSE00001084926.1
EGFR	ENST00000344576.7	chr7	+	12	55160139	55160338	ENSE00001084941.1
EGFR	ENST00000344576.7	chr7	+	13	55161499	55161631	ENSE00001084939.1
EGFR	ENST00000344576.7	chr7	+	14	55163733	55163823	ENSE00001084927.1
EGFR	ENST00000344576.7	chr7	+	15	55165280	55165437	ENSE00001627115.1
EGFR	ENST00000344576.7	chr7	+	16	55170307	55171037	ENSE00001371541.2
EGFR	ENST00000450046.2	chr7	+	1	55109723	55109958	ENSE00001740709.1
EGFR	ENST00000450046.2	chr7	+	2	55142286	55142437	ENSE00003540437.1
EGFR	ENST00000450046.2	chr7	+	3	55143305	55143488	ENSE00001704157.1
EGFR	ENST00000450046.2	chr7	+	4	55146606	55146740	ENSE00001798125.1
EGFR	ENST00000450046.2	chr7	+	5	55151294	55151362	ENSE00001683983.1
EGFR	ENST00000450046.2	chr7	+	6	55152546	55152664	ENSE00001652975.1
EGFR	ENST00000450046.2	chr7	+	7	55154011	55154152	ENSE00001623732.1
EGFR	ENST00000450046.2	chr7	+	8	55155830	55155946	ENSE00001751179.1
EGFR	ENST00000450046.2	chr7	+	9	55156533	55156659	ENSE00001084929.1
EGFR	ENST00000450046.2	chr7	+	10	55156759	55156832	ENSE00001084931.1
EGFR	ENST00000450046.2	chr7	+	11	55157663	55157753	ENSE00001084926.1
EGFR	ENST00000450046.2	chr7	+	12	55160139	55160338	ENSE00001084941.1
EGFR	ENST00000450046.2	chr7	+	13	55161499	55161631	ENSE00001084939.1
EGFR	ENST00000450046.2	chr7	+	14	55163733	55163823	ENSE00001084927.1
EGFR	ENST00000450046.2	chr7	+	15	55165280	55165437	ENSE00001627115.1
EGFR	ENST00000450046.2	chr7	+	16	55171175	55171213	ENSE00001768076.1
EGFR	ENST00000450046.2	chr7	+	17	55172983	55173124	ENSE00002684637.1
EGFR	ENST00000450046.2	chr7	+	18	55173921	55174043	ENSE00001778519.1
EGFR	ENST00000450046.2	chr7	+	19	55174722	55174820	ENSE00001756460.1
EGFR	ENST00000450046.2	chr7	+	20	55181293	55181478	ENSE00001601336.1
EGFR	ENST00000450046.2	chr7	+	21	55191719	55191874	ENSE00001681524.1
EGFR	ENST00000450046.2	chr7	+	22	55192766	55192841	ENSE00001631695.1
EGFR	ENST00000450046.2	chr7	+	23	55198717	55198863	ENSE00003625684.1
EGFR	ENST00000450046.2	chr7	+	24	55200316	55200413	ENSE00001790701.1
EGFR	ENST00000450046.2	chr7	+	25	55201188	55201355	ENSE00001801208.1
EGFR	ENST00000450046.2	chr7	+	26	55201735	55201782	ENSE00001773562.1
EGFR	ENST00000450046.2	chr7	+	27	55202517	55202625	ENSE00001795780.1
EGFR	ENST00000450046.2	chr7	+	28	55205256	55211536	ENSE00003978973.1
FGFR2	ENST00000358487.10	chr10	-	1	121597962	121598444	ENSE00001816393.2
FGFR2	ENST00000358487.10	chr10	-	2	121593709	121593967	ENSE00003567716.1
FGFR2	ENST00000358487.10	chr10	-	3	121565438	121565704	ENSE00003488412.1
FGFR2	ENST00000358487.10	chr10	-	4	121564502	121564579	ENSE00003637083.1
FGFR2	ENST00000358487.10	chr10	-	5	121551290	121551459	ENSE00003589679.1
FGFR2	ENST00000358487.10	chr10	-	6	121538592	121538715	ENSE00003681829.1
FGFR2	ENST00000358487.10	chr10	-	7	121519979	121520169	ENSE00003530900.1
FGFR2	ENST00000358487.10	chr10	-	8	121517319	121517463	ENSE00003608712.1
FGFR2	ENST00000358487.10	chr10	-	9	121515117	121515319	ENSE00003629514.1
FGFR2	ENST00000358487.10	chr10	-	10	121503790	121503941	ENSE00003553724.1
FGFR2	ENST00000358487.10	chr10	-	11	121500826	121500947	ENSE00003631185.1
FGFR2	ENST00000358487.10	chr10	-	12	121498495	121498605	ENSE00003486661.1
FGFR2	ENST00000358487.10	chr10	-	13	121496532	121496722	ENSE00003525972.1
FGFR2	ENST00000358487.10	chr10	-	14	121487991	121488113	ENSE00003618465.1
FGFR2	ENST00000358487.10	chr10	-	15	121487354	121487424	ENSE00003547346.1
FGFR2	ENST00000358487.10	chr10	-	16	121485395	121485532	ENSE00003680367.1
FGFR2	ENST00000358487.10	chr10	-	17	121483698	121483803	ENSE00003790431.1
FGFR2	ENST00000358487.10	chr10	-	18	121478332	121480021	ENSE00001847306.2
MET	ENST00000397752.8	chr7	+	1	116672196	116672577	ENSE00004014114.1
MET	ENST00000397752.8	chr7	+	2	116699071	116700284	ENSE00004014119.1
MET	ENST00000397752.8	chr7	+	3	116731668	116731859	ENSE00004014112.1
MET	ENST00000397752.8	chr7	+	4	116739950	116740084	ENSE00004014102.1
MET	ENST00000397752.8	chr7	+	5	116740852	116741025	ENSE00004014106.1
MET	ENST00000397752.8	chr7	+	6	116755355	116755515	ENSE00004014116.1
MET	ENST00000397752.8	chr7	+	7	116757437	116757539	ENSE00004014113.1
MET	ENST00000397752.8	chr7	+	8	116757638	116757774	ENSE00004014105.1
MET	ENST00000397752.8	chr7	+	9	116758459	116758620	ENSE00001619404.2
MET	ENST00000397752.8	chr7	+	10	116759391	116759490	ENSE00001530016.1
MET	ENST00000397752.8	chr7	+	11	116763050	116763268	ENSE00000717791.1
MET	ENST00000397752.8	chr7	+	12	116769645	116769791	ENSE00000717803.1
MET	ENST00000397752.8	chr7	+	13	116771498	116771654	ENSE00000717811.1
MET	ENST00000397752.8	chr7	+	14	116771849	116771989	ENSE00000717833.1
MET	ENST00000397752.8	chr7	+	15	116774881	116775111	ENSE00000717861.1
MET	ENST00000397752.8	chr7	+	16	116777389	116777469	ENSE00003596200.1
MET	ENST00000397752.8	chr7	+	17	116778776	116778957	ENSE00003663921.1
MET	ENST00000397752.8	chr7	+	18	116781988	116782097	ENSE00000717902.1
MET	ENST00000397752.8	chr7	+	19	116783304	116783469	ENSE00000717928.1
MET	ENST00000397752.8	chr7	+	20	116795655	116795791	ENSE00000717937.1
MET	ENST00000397752.8	chr7	+	21	116795887	116798377	ENSE00001898661.2
